table_name,ordinal_position,column_name,role_name,table_select,table_insert,table_update,table_delete,column_select,column_insert,column_update,has_column_acl
address,1,id,anon,false,false,false,false,false,false,false,false
address,1,id,authenticated,true,true,true,true,true,true,true,false
address,1,id,service_role,true,true,true,true,true,true,true,false
address,2,customer_profile_id,anon,false,false,false,false,false,false,false,false
address,2,customer_profile_id,authenticated,true,true,true,true,true,true,true,false
address,2,customer_profile_id,service_role,true,true,true,true,true,true,true,false
address,3,label,anon,false,false,false,false,false,false,false,false
address,3,label,authenticated,true,true,true,true,true,true,true,false
address,3,label,service_role,true,true,true,true,true,true,true,false
address,4,recipient_name,anon,false,false,false,false,false,false,false,false
address,4,recipient_name,authenticated,true,true,true,true,true,true,true,false
address,4,recipient_name,service_role,true,true,true,true,true,true,true,false
address,5,contact_phone,anon,false,false,false,false,false,false,false,false
address,5,contact_phone,authenticated,true,true,true,true,true,true,true,false
address,5,contact_phone,service_role,true,true,true,true,true,true,true,false
address,6,address_line_1,anon,false,false,false,false,false,false,false,false
address,6,address_line_1,authenticated,true,true,true,true,true,true,true,false
address,6,address_line_1,service_role,true,true,true,true,true,true,true,false
address,7,address_line_2,anon,false,false,false,false,false,false,false,false
address,7,address_line_2,authenticated,true,true,true,true,true,true,true,false
address,7,address_line_2,service_role,true,true,true,true,true,true,true,false
address,8,city,anon,false,false,false,false,false,false,false,false
address,8,city,authenticated,true,true,true,true,true,true,true,false
address,8,city,service_role,true,true,true,true,true,true,true,false
address,9,country,anon,false,false,false,false,false,false,false,false
address,9,country,authenticated,true,true,true,true,true,true,true,false
address,9,country,service_role,true,true,true,true,true,true,true,false
address,10,latitude,anon,false,false,false,false,false,false,false,false
address,10,latitude,authenticated,true,true,true,true,true,true,true,false
address,10,latitude,service_role,true,true,true,true,true,true,true,false
address,11,longitude,anon,false,false,false,false,false,false,false,false
address,11,longitude,authenticated,true,true,true,true,true,true,true,false
address,11,longitude,service_role,true,true,true,true,true,true,true,false
address,12,is_default,anon,false,false,false,false,false,false,false,false
address,12,is_default,authenticated,true,true,true,true,true,true,true,false
address,12,is_default,service_role,true,true,true,true,true,true,true,false
cart,1,id,anon,false,false,false,false,false,false,false,false
cart,1,id,authenticated,true,true,true,true,true,true,true,false
cart,1,id,service_role,true,true,true,true,true,true,true,false
cart,2,customer_profile_id,anon,false,false,false,false,false,false,false,false
cart,2,customer_profile_id,authenticated,true,true,true,true,true,true,true,false
cart,2,customer_profile_id,service_role,true,true,true,true,true,true,true,false
cart_line,1,id,anon,false,false,false,false,false,false,false,false
cart_line,1,id,authenticated,true,true,true,true,true,true,true,false
cart_line,1,id,service_role,true,true,true,true,true,true,true,false
cart_line,2,cart_id,anon,false,false,false,false,false,false,false,false
cart_line,2,cart_id,authenticated,true,true,true,true,true,true,true,false
cart_line,2,cart_id,service_role,true,true,true,true,true,true,true,false
cart_line,3,product_color_id,anon,false,false,false,false,false,false,false,false
cart_line,3,product_color_id,authenticated,true,true,true,true,true,true,true,false
cart_line,3,product_color_id,service_role,true,true,true,true,true,true,true,false
cart_line,4,quantity,anon,false,false,false,false,false,false,false,false
cart_line,4,quantity,authenticated,true,true,true,true,true,true,true,false
cart_line,4,quantity,service_role,true,true,true,true,true,true,true,false
custom_offering,1,id,anon,true,false,false,false,true,false,false,false
custom_offering,1,id,authenticated,true,true,true,true,true,true,true,false
custom_offering,1,id,service_role,true,true,true,true,true,true,true,false
custom_offering,2,marketplace_party_id,anon,true,false,false,false,true,false,false,false
custom_offering,2,marketplace_party_id,authenticated,true,true,true,true,true,true,true,false
custom_offering,2,marketplace_party_id,service_role,true,true,true,true,true,true,true,false
custom_offering,3,design_id,anon,true,false,false,false,true,false,false,false
custom_offering,3,design_id,authenticated,true,true,true,true,true,true,true,false
custom_offering,3,design_id,service_role,true,true,true,true,true,true,true,false
custom_offering,4,published_price,anon,true,false,false,false,true,false,false,false
custom_offering,4,published_price,authenticated,true,true,true,true,true,true,true,false
custom_offering,4,published_price,service_role,true,true,true,true,true,true,true,false
custom_offering,5,title,anon,true,false,false,false,true,false,false,false
custom_offering,5,title,authenticated,true,true,true,true,true,true,true,false
custom_offering,5,title,service_role,true,true,true,true,true,true,true,false
custom_offering,6,description,anon,true,false,false,false,true,false,false,false
custom_offering,6,description,authenticated,true,true,true,true,true,true,true,false
custom_offering,6,description,service_role,true,true,true,true,true,true,true,false
custom_offering,7,publication_state,anon,true,false,false,false,true,false,false,false
custom_offering,7,publication_state,authenticated,true,true,true,true,true,true,true,false
custom_offering,7,publication_state,service_role,true,true,true,true,true,true,true,false
custom_offering,8,published_at,anon,true,false,false,false,true,false,false,false
custom_offering,8,published_at,authenticated,true,true,true,true,true,true,true,false
custom_offering,8,published_at,service_role,true,true,true,true,true,true,true,false
customer_profile,1,id,anon,false,false,false,false,false,false,false,false
customer_profile,1,id,authenticated,true,true,true,true,true,true,true,false
customer_profile,1,id,service_role,true,true,true,true,true,true,true,false
customer_profile,2,user_id,anon,false,false,false,false,false,false,false,false
customer_profile,2,user_id,authenticated,true,true,true,true,true,true,true,false
customer_profile,2,user_id,service_role,true,true,true,true,true,true,true,false
customer_profile,3,full_name,anon,false,false,false,false,false,false,false,false
customer_profile,3,full_name,authenticated,true,true,true,true,true,true,true,false
customer_profile,3,full_name,service_role,true,true,true,true,true,true,true,false
customer_profile,4,phone,anon,false,false,false,false,false,false,false,false
customer_profile,4,phone,authenticated,true,true,true,true,true,true,true,false
customer_profile,4,phone,service_role,true,true,true,true,true,true,true,false
customer_profile,5,profile_image_url,anon,false,false,false,false,false,false,false,false
customer_profile,5,profile_image_url,authenticated,true,true,true,true,true,true,true,false
customer_profile,5,profile_image_url,service_role,true,true,true,true,true,true,true,false
customer_profile,6,preferred_language,anon,false,false,false,false,false,false,false,false
customer_profile,6,preferred_language,authenticated,true,true,true,true,true,true,true,false
customer_profile,6,preferred_language,service_role,true,true,true,true,true,true,true,false
customer_profile,7,notification_preference,anon,false,false,false,false,false,false,false,false
customer_profile,7,notification_preference,authenticated,true,true,true,true,true,true,true,false
customer_profile,7,notification_preference,service_role,true,true,true,true,true,true,true,false
design,1,id,anon,false,false,false,false,false,false,false,false
design,1,id,authenticated,true,true,true,true,true,true,true,false
design,1,id,service_role,true,true,true,true,true,true,true,false
design,2,originating_user_id,anon,false,false,false,false,false,false,false,false
design,2,originating_user_id,authenticated,true,true,true,true,true,true,true,false
design,2,originating_user_id,service_role,true,true,true,true,true,true,true,false
design,3,source_design_id,anon,false,false,false,false,false,false,false,false
design,3,source_design_id,authenticated,true,true,true,true,true,true,true,false
design,3,source_design_id,service_role,true,true,true,true,true,true,true,false
design,4,source_design_version_id,anon,false,false,false,false,false,false,false,false
design,4,source_design_version_id,authenticated,true,true,true,true,true,true,true,false
design,4,source_design_version_id,service_role,true,true,true,true,true,true,true,false
design,5,created_at,anon,false,false,false,false,false,false,false,false
design,5,created_at,authenticated,true,true,true,true,true,true,true,false
design,5,created_at,service_role,true,true,true,true,true,true,true,false
design_product_reference,1,design_id,anon,false,false,false,false,false,false,false,false
design_product_reference,1,design_id,authenticated,true,true,true,true,true,true,true,false
design_product_reference,1,design_id,service_role,true,true,true,true,true,true,true,false
design_product_reference,2,product_id,anon,false,false,false,false,false,false,false,false
design_product_reference,2,product_id,authenticated,true,true,true,true,true,true,true,false
design_product_reference,2,product_id,service_role,true,true,true,true,true,true,true,false
design_version,1,id,anon,false,false,false,false,false,false,false,false
design_version,1,id,authenticated,true,true,true,true,true,true,true,false
design_version,1,id,service_role,true,true,true,true,true,true,true,false
design_version,2,design_id,anon,false,false,false,false,false,false,false,false
design_version,2,design_id,authenticated,true,true,true,true,true,true,true,false
design_version,2,design_id,service_role,true,true,true,true,true,true,true,false
design_version,3,version_sequence,anon,false,false,false,false,false,false,false,false
design_version,3,version_sequence,authenticated,true,true,true,true,true,true,true,false
design_version,3,version_sequence,service_role,true,true,true,true,true,true,true,false
design_version,4,generated_image_url,anon,false,false,false,false,false,false,false,false
design_version,4,generated_image_url,authenticated,true,true,true,true,true,true,true,false
design_version,4,generated_image_url,service_role,true,true,true,true,true,true,true,false
design_version,5,requested_attributes,anon,false,false,false,false,false,false,false,false
design_version,5,requested_attributes,authenticated,true,true,true,true,true,true,true,false
design_version,5,requested_attributes,service_role,true,true,true,true,true,true,true,false
design_version,6,requested_width_cm,anon,false,false,false,false,false,false,false,false
design_version,6,requested_width_cm,authenticated,true,true,true,true,true,true,true,false
design_version,6,requested_width_cm,service_role,true,true,true,true,true,true,true,false
design_version,7,requested_height_cm,anon,false,false,false,false,false,false,false,false
design_version,7,requested_height_cm,authenticated,true,true,true,true,true,true,true,false
design_version,7,requested_height_cm,service_role,true,true,true,true,true,true,true,false
design_version,8,requested_depth_cm,anon,false,false,false,false,false,false,false,false
design_version,8,requested_depth_cm,authenticated,true,true,true,true,true,true,true,false
design_version,8,requested_depth_cm,service_role,true,true,true,true,true,true,true,false
design_version,9,modification_instruction,anon,false,false,false,false,false,false,false,false
design_version,9,modification_instruction,authenticated,true,true,true,true,true,true,true,false
design_version,9,modification_instruction,service_role,true,true,true,true,true,true,true,false
design_version,10,generated_at,anon,false,false,false,false,false,false,false,false
design_version,10,generated_at,authenticated,true,true,true,true,true,true,true,false
design_version,10,generated_at,service_role,true,true,true,true,true,true,true,false
furnishing_request,1,id,anon,false,false,false,false,false,false,false,false
furnishing_request,1,id,authenticated,true,true,true,true,true,true,true,false
furnishing_request,1,id,service_role,true,true,true,true,true,true,true,false
furnishing_request,2,customer_profile_id,anon,false,false,false,false,false,false,false,false
furnishing_request,2,customer_profile_id,authenticated,true,true,true,true,true,true,true,false
furnishing_request,2,customer_profile_id,service_role,true,true,true,true,true,true,true,false
furnishing_request,3,address_id,anon,false,false,false,false,false,false,false,false
furnishing_request,3,address_id,authenticated,true,true,true,true,true,true,true,false
furnishing_request,3,address_id,service_role,true,true,true,true,true,true,true,false
furnishing_request,4,title,anon,false,false,false,false,false,false,false,false
furnishing_request,4,title,authenticated,true,true,true,true,true,true,true,false
furnishing_request,4,title,service_role,true,true,true,true,true,true,true,false
furnishing_request,5,requirements_description,anon,false,false,false,false,false,false,false,false
furnishing_request,5,requirements_description,authenticated,true,true,true,true,true,true,true,false
furnishing_request,5,requirements_description,service_role,true,true,true,true,true,true,true,false
furnishing_request,6,reference_image_urls,anon,false,false,false,false,false,false,false,false
furnishing_request,6,reference_image_urls,authenticated,true,true,true,true,true,true,true,false
furnishing_request,6,reference_image_urls,service_role,true,true,true,true,true,true,true,false
furnishing_request,7,budget_min,anon,false,false,false,false,false,false,false,false
furnishing_request,7,budget_min,authenticated,true,true,true,true,true,true,true,false
furnishing_request,7,budget_min,service_role,true,true,true,true,true,true,true,false
furnishing_request,8,budget_max,anon,false,false,false,false,false,false,false,false
furnishing_request,8,budget_max,authenticated,true,true,true,true,true,true,true,false
furnishing_request,8,budget_max,service_role,true,true,true,true,true,true,true,false
furnishing_request,9,requested_timing,anon,false,false,false,false,false,false,false,false
furnishing_request,9,requested_timing,authenticated,true,true,true,true,true,true,true,false
furnishing_request,9,requested_timing,service_role,true,true,true,true,true,true,true,false
furnishing_request,10,offer_deadline,anon,false,false,false,false,false,false,false,false
furnishing_request,10,offer_deadline,authenticated,true,true,true,true,true,true,true,false
furnishing_request,10,offer_deadline,service_role,true,true,true,true,true,true,true,false
furnishing_request,11,lifecycle_state,anon,false,false,false,false,false,false,false,false
furnishing_request,11,lifecycle_state,authenticated,true,true,true,true,true,true,true,false
furnishing_request,11,lifecycle_state,service_role,true,true,true,true,true,true,true,false
furnishing_request,12,created_at,anon,false,false,false,false,false,false,false,false
furnishing_request,12,created_at,authenticated,true,true,true,true,true,true,true,false
furnishing_request,12,created_at,service_role,true,true,true,true,true,true,true,false
furnishing_request,13,coarse_location,anon,false,false,false,false,false,false,false,false
furnishing_request,13,coarse_location,authenticated,true,true,true,true,true,true,true,false
furnishing_request,13,coarse_location,service_role,true,true,true,true,true,true,true,false
furnishing_request_design_version,1,furnishing_request_id,anon,false,false,false,false,false,false,false,false
furnishing_request_design_version,1,furnishing_request_id,authenticated,true,true,true,true,true,true,true,false
furnishing_request_design_version,1,furnishing_request_id,service_role,true,true,true,true,true,true,true,false
furnishing_request_design_version,2,design_version_id,anon,false,false,false,false,false,false,false,false
furnishing_request_design_version,2,design_version_id,authenticated,true,true,true,true,true,true,true,false
furnishing_request_design_version,2,design_version_id,service_role,true,true,true,true,true,true,true,false
marketplace_party,1,id,anon,true,false,false,false,true,false,false,false
marketplace_party,1,id,authenticated,true,false,false,true,true,false,false,false
marketplace_party,1,id,service_role,true,true,true,true,true,true,true,false
marketplace_party,2,user_id,anon,true,false,false,false,true,false,false,true
marketplace_party,2,user_id,authenticated,true,false,false,true,true,true,false,true
marketplace_party,2,user_id,service_role,true,true,true,true,true,true,true,true
marketplace_party,3,business_name,anon,true,false,false,false,true,false,false,true
marketplace_party,3,business_name,authenticated,true,false,false,true,true,true,true,true
marketplace_party,3,business_name,service_role,true,true,true,true,true,true,true,true
marketplace_party,4,business_description,anon,true,false,false,false,true,false,false,true
marketplace_party,4,business_description,authenticated,true,false,false,true,true,true,true,true
marketplace_party,4,business_description,service_role,true,true,true,true,true,true,true,true
marketplace_party,5,logo_url,anon,true,false,false,false,true,false,false,true
marketplace_party,5,logo_url,authenticated,true,false,false,true,true,true,true,true
marketplace_party,5,logo_url,service_role,true,true,true,true,true,true,true,true
marketplace_party,6,coverage_area,anon,true,false,false,false,true,false,false,true
marketplace_party,6,coverage_area,authenticated,true,false,false,true,true,true,true,true
marketplace_party,6,coverage_area,service_role,true,true,true,true,true,true,true,true
marketplace_party,7,approval_state,anon,true,false,false,false,true,false,false,false
marketplace_party,7,approval_state,authenticated,true,false,false,true,true,false,false,false
marketplace_party,7,approval_state,service_role,true,true,true,true,true,true,true,false
marketplace_party,8,state_reason,anon,true,false,false,false,true,false,false,false
marketplace_party,8,state_reason,authenticated,true,false,false,true,true,false,false,false
marketplace_party,8,state_reason,service_role,true,true,true,true,true,true,true,false
offer_line_item,1,id,anon,false,false,false,false,false,false,false,false
offer_line_item,1,id,authenticated,true,true,true,true,true,true,true,false
offer_line_item,1,id,service_role,true,true,true,true,true,true,true,false
offer_line_item,2,offer_id,anon,false,false,false,false,false,false,false,false
offer_line_item,2,offer_id,authenticated,true,true,true,true,true,true,true,false
offer_line_item,2,offer_id,service_role,true,true,true,true,true,true,true,false
offer_line_item,3,line_kind,anon,false,false,false,false,false,false,false,false
offer_line_item,3,line_kind,authenticated,true,true,true,true,true,true,true,false
offer_line_item,3,line_kind,service_role,true,true,true,true,true,true,true,false
offer_line_item,4,product_id,anon,false,false,false,false,false,false,false,false
offer_line_item,4,product_id,authenticated,true,true,true,true,true,true,true,false
offer_line_item,4,product_id,service_role,true,true,true,true,true,true,true,false
offer_line_item,5,item_name,anon,false,false,false,false,false,false,false,false
offer_line_item,5,item_name,authenticated,true,true,true,true,true,true,true,false
offer_line_item,5,item_name,service_role,true,true,true,true,true,true,true,false
offer_line_item,6,specification,anon,false,false,false,false,false,false,false,false
offer_line_item,6,specification,authenticated,true,true,true,true,true,true,true,false
offer_line_item,6,specification,service_role,true,true,true,true,true,true,true,false
offer_line_item,7,unit_price,anon,false,false,false,false,false,false,false,false
offer_line_item,7,unit_price,authenticated,true,true,true,true,true,true,true,false
offer_line_item,7,unit_price,service_role,true,true,true,true,true,true,true,false
offer_line_item,8,quantity,anon,false,false,false,false,false,false,false,false
offer_line_item,8,quantity,authenticated,true,true,true,true,true,true,true,false
offer_line_item,8,quantity,service_role,true,true,true,true,true,true,true,false
offer_line_item,9,line_total,anon,false,false,false,false,false,false,false,false
offer_line_item,9,line_total,authenticated,true,true,true,true,true,true,true,false
offer_line_item,9,line_total,service_role,true,true,true,true,true,true,true,false
offer_line_item,10,display_order,anon,false,false,false,false,false,false,false,false
offer_line_item,10,display_order,authenticated,true,true,true,true,true,true,true,false
offer_line_item,10,display_order,service_role,true,true,true,true,true,true,true,false
order_line_item,1,id,anon,false,false,false,false,false,false,false,false
order_line_item,1,id,authenticated,true,true,true,true,true,true,true,false
order_line_item,1,id,service_role,true,true,true,true,true,true,true,false
order_line_item,2,order_id,anon,false,false,false,false,false,false,false,false
order_line_item,2,order_id,authenticated,true,true,true,true,true,true,true,false
order_line_item,2,order_id,service_role,true,true,true,true,true,true,true,false
order_line_item,3,line_kind,anon,false,false,false,false,false,false,false,false
order_line_item,3,line_kind,authenticated,true,true,true,true,true,true,true,false
order_line_item,3,line_kind,service_role,true,true,true,true,true,true,true,false
order_line_item,4,product_id,anon,false,false,false,false,false,false,false,false
order_line_item,4,product_id,authenticated,true,true,true,true,true,true,true,false
order_line_item,4,product_id,service_role,true,true,true,true,true,true,true,false
order_line_item,5,product_color_id,anon,false,false,false,false,false,false,false,false
order_line_item,5,product_color_id,authenticated,true,true,true,true,true,true,true,false
order_line_item,5,product_color_id,service_role,true,true,true,true,true,true,true,false
order_line_item,6,item_name,anon,false,false,false,false,false,false,false,false
order_line_item,6,item_name,authenticated,true,true,true,true,true,true,true,false
order_line_item,6,item_name,service_role,true,true,true,true,true,true,true,false
order_line_item,7,specification,anon,false,false,false,false,false,false,false,false
order_line_item,7,specification,authenticated,true,true,true,true,true,true,true,false
order_line_item,7,specification,service_role,true,true,true,true,true,true,true,false
order_line_item,8,unit_price,anon,false,false,false,false,false,false,false,false
order_line_item,8,unit_price,authenticated,true,true,true,true,true,true,true,false
order_line_item,8,unit_price,service_role,true,true,true,true,true,true,true,false
order_line_item,9,quantity,anon,false,false,false,false,false,false,false,false
order_line_item,9,quantity,authenticated,true,true,true,true,true,true,true,false
order_line_item,9,quantity,service_role,true,true,true,true,true,true,true,false
order_line_item,10,line_total,anon,false,false,false,false,false,false,false,false
order_line_item,10,line_total,authenticated,true,true,true,true,true,true,true,false
order_line_item,10,line_total,service_role,true,true,true,true,true,true,true,false
party_capability,1,marketplace_party_id,anon,true,false,false,false,true,false,false,false
party_capability,1,marketplace_party_id,authenticated,true,true,true,true,true,true,true,false
party_capability,1,marketplace_party_id,service_role,true,true,true,true,true,true,true,false
party_capability,2,service_type_id,anon,true,false,false,false,true,false,false,false
party_capability,2,service_type_id,authenticated,true,true,true,true,true,true,true,false
party_capability,2,service_type_id,service_role,true,true,true,true,true,true,true,false
party_capability,3,declared_at,anon,true,false,false,false,true,false,false,false
party_capability,3,declared_at,authenticated,true,true,true,true,true,true,true,false
party_capability,3,declared_at,service_role,true,true,true,true,true,true,true,false
purchase_order,1,id,anon,false,false,false,false,false,false,false,false
purchase_order,1,id,authenticated,true,true,false,true,true,true,false,false
purchase_order,1,id,service_role,true,true,true,true,true,true,true,false
purchase_order,2,customer_profile_id,anon,false,false,false,false,false,false,false,false
purchase_order,2,customer_profile_id,authenticated,true,true,false,true,true,true,false,false
purchase_order,2,customer_profile_id,service_role,true,true,true,true,true,true,true,false
purchase_order,3,marketplace_party_id,anon,false,false,false,false,false,false,false,false
purchase_order,3,marketplace_party_id,authenticated,true,true,false,true,true,true,false,false
purchase_order,3,marketplace_party_id,service_role,true,true,true,true,true,true,true,false
purchase_order,4,address_id,anon,false,false,false,false,false,false,false,false
purchase_order,4,address_id,authenticated,true,true,false,true,true,true,false,false
purchase_order,4,address_id,service_role,true,true,true,true,true,true,true,false
purchase_order,5,origin,anon,false,false,false,false,false,false,false,false
purchase_order,5,origin,authenticated,true,true,false,true,true,true,false,false
purchase_order,5,origin,service_role,true,true,true,true,true,true,true,false
purchase_order,6,offer_id,anon,false,false,false,false,false,false,false,false
purchase_order,6,offer_id,authenticated,true,true,false,true,true,true,false,false
purchase_order,6,offer_id,service_role,true,true,true,true,true,true,true,false
purchase_order,7,custom_offering_id,anon,false,false,false,false,false,false,false,false
purchase_order,7,custom_offering_id,authenticated,true,true,false,true,true,true,false,false
purchase_order,7,custom_offering_id,service_role,true,true,true,true,true,true,true,false
purchase_order,8,service_request_id,anon,false,false,false,false,false,false,false,false
purchase_order,8,service_request_id,authenticated,true,true,false,true,true,true,false,false
purchase_order,8,service_request_id,service_role,true,true,true,true,true,true,true,false
purchase_order,9,settlement_id,anon,false,false,false,false,false,false,false,false
purchase_order,9,settlement_id,authenticated,true,true,false,true,true,true,false,false
purchase_order,9,settlement_id,service_role,true,true,true,true,true,true,true,false
purchase_order,10,lifecycle_state,anon,false,false,false,false,false,false,false,true
purchase_order,10,lifecycle_state,authenticated,true,true,false,true,true,true,true,true
purchase_order,10,lifecycle_state,service_role,true,true,true,true,true,true,true,true
purchase_order,11,order_discount_amount,anon,false,false,false,false,false,false,false,false
purchase_order,11,order_discount_amount,authenticated,true,true,false,true,true,true,false,false
purchase_order,11,order_discount_amount,service_role,true,true,true,true,true,true,true,false
purchase_order,12,delivery_fee,anon,false,false,false,false,false,false,false,false
purchase_order,12,delivery_fee,authenticated,true,true,false,true,true,true,false,false
purchase_order,12,delivery_fee,service_role,true,true,true,true,true,true,true,false
purchase_order,13,required_upfront_amount,anon,false,false,false,false,false,false,false,false
purchase_order,13,required_upfront_amount,authenticated,true,true,false,true,true,true,false,false
purchase_order,13,required_upfront_amount,service_role,true,true,true,true,true,true,true,false
purchase_order,14,notes,anon,false,false,false,false,false,false,false,true
purchase_order,14,notes,authenticated,true,true,false,true,true,true,true,true
purchase_order,14,notes,service_role,true,true,true,true,true,true,true,true
purchase_order,15,placed_at,anon,false,false,false,false,false,false,false,false
purchase_order,15,placed_at,authenticated,true,true,false,true,true,true,false,false
purchase_order,15,placed_at,service_role,true,true,true,true,true,true,true,false
purchase_order,16,cancelled_at,anon,false,false,false,false,false,false,false,false
purchase_order,16,cancelled_at,authenticated,true,true,false,true,true,true,false,false
purchase_order,16,cancelled_at,service_role,true,true,true,true,true,true,true,false
purchase_order,17,ship_recipient_name,anon,false,false,false,false,false,false,false,false
purchase_order,17,ship_recipient_name,authenticated,true,true,false,true,true,true,false,false
purchase_order,17,ship_recipient_name,service_role,true,true,true,true,true,true,true,false
purchase_order,18,ship_contact_phone,anon,false,false,false,false,false,false,false,false
purchase_order,18,ship_contact_phone,authenticated,true,true,false,true,true,true,false,false
purchase_order,18,ship_contact_phone,service_role,true,true,true,true,true,true,true,false
purchase_order,19,ship_address_line_1,anon,false,false,false,false,false,false,false,false
purchase_order,19,ship_address_line_1,authenticated,true,true,false,true,true,true,false,false
purchase_order,19,ship_address_line_1,service_role,true,true,true,true,true,true,true,false
purchase_order,20,ship_address_line_2,anon,false,false,false,false,false,false,false,false
purchase_order,20,ship_address_line_2,authenticated,true,true,false,true,true,true,false,false
purchase_order,20,ship_address_line_2,service_role,true,true,true,true,true,true,true,false
purchase_order,21,ship_city,anon,false,false,false,false,false,false,false,false
purchase_order,21,ship_city,authenticated,true,true,false,true,true,true,false,false
purchase_order,21,ship_city,service_role,true,true,true,true,true,true,true,false
purchase_order,22,ship_country,anon,false,false,false,false,false,false,false,false
purchase_order,22,ship_country,authenticated,true,true,false,true,true,true,false,false
purchase_order,22,ship_country,service_role,true,true,true,true,true,true,true,false
purchase_order,23,ship_latitude,anon,false,false,false,false,false,false,false,false
purchase_order,23,ship_latitude,authenticated,true,true,false,true,true,true,false,false
purchase_order,23,ship_latitude,service_role,true,true,true,true,true,true,true,false
purchase_order,24,ship_longitude,anon,false,false,false,false,false,false,false,false
purchase_order,24,ship_longitude,authenticated,true,true,false,true,true,true,false,false
purchase_order,24,ship_longitude,service_role,true,true,true,true,true,true,true,false
review,1,id,anon,true,false,false,false,true,false,false,false
review,1,id,authenticated,true,true,true,true,true,true,true,false
review,1,id,service_role,true,true,true,true,true,true,true,false
review,2,customer_profile_id,anon,true,false,false,false,true,false,false,false
review,2,customer_profile_id,authenticated,true,true,true,true,true,true,true,false
review,2,customer_profile_id,service_role,true,true,true,true,true,true,true,false
review,3,target_kind,anon,true,false,false,false,true,false,false,false
review,3,target_kind,authenticated,true,true,true,true,true,true,true,false
review,3,target_kind,service_role,true,true,true,true,true,true,true,false
review,4,target_product_id,anon,true,false,false,false,true,false,false,false
review,4,target_product_id,authenticated,true,true,true,true,true,true,true,false
review,4,target_product_id,service_role,true,true,true,true,true,true,true,false
review,5,target_service_request_id,anon,true,false,false,false,true,false,false,false
review,5,target_service_request_id,authenticated,true,true,true,true,true,true,true,false
review,5,target_service_request_id,service_role,true,true,true,true,true,true,true,false
review,6,target_marketplace_party_id,anon,true,false,false,false,true,false,false,false
review,6,target_marketplace_party_id,authenticated,true,true,true,true,true,true,true,false
review,6,target_marketplace_party_id,service_role,true,true,true,true,true,true,true,false
review,7,rating,anon,true,false,false,false,true,false,false,false
review,7,rating,authenticated,true,true,true,true,true,true,true,false
review,7,rating,service_role,true,true,true,true,true,true,true,false
review,8,comment,anon,true,false,false,false,true,false,false,false
review,8,comment,authenticated,true,true,true,true,true,true,true,false
review,8,comment,service_role,true,true,true,true,true,true,true,false
review,9,created_at,anon,true,false,false,false,true,false,false,false
review,9,created_at,authenticated,true,true,true,true,true,true,true,false
review,9,created_at,service_role,true,true,true,true,true,true,true,false
saved_space,1,id,anon,false,false,false,false,false,false,false,false
saved_space,1,id,authenticated,true,true,true,true,true,true,true,false
saved_space,1,id,service_role,true,true,true,true,true,true,true,false
saved_space,2,customer_profile_id,anon,false,false,false,false,false,false,false,false
saved_space,2,customer_profile_id,authenticated,true,true,true,true,true,true,true,false
saved_space,2,customer_profile_id,service_role,true,true,true,true,true,true,true,false
saved_space,3,space_name,anon,false,false,false,false,false,false,false,false
saved_space,3,space_name,authenticated,true,true,true,true,true,true,true,false
saved_space,3,space_name,service_role,true,true,true,true,true,true,true,false
saved_space,4,width_cm,anon,false,false,false,false,false,false,false,false
saved_space,4,width_cm,authenticated,true,true,true,true,true,true,true,false
saved_space,4,width_cm,service_role,true,true,true,true,true,true,true,false
saved_space,5,depth_cm,anon,false,false,false,false,false,false,false,false
saved_space,5,depth_cm,authenticated,true,true,true,true,true,true,true,false
saved_space,5,depth_cm,service_role,true,true,true,true,true,true,true,false
saved_space,6,measurement_source,anon,false,false,false,false,false,false,false,false
saved_space,6,measurement_source,authenticated,true,true,true,true,true,true,true,false
saved_space,6,measurement_source,service_role,true,true,true,true,true,true,true,false
service_request,1,id,anon,false,false,false,false,false,false,false,false
service_request,1,id,authenticated,true,true,false,true,true,true,false,false
service_request,1,id,service_role,true,true,true,true,true,true,true,false
service_request,2,customer_profile_id,anon,false,false,false,false,false,false,false,false
service_request,2,customer_profile_id,authenticated,true,true,false,true,true,true,false,false
service_request,2,customer_profile_id,service_role,true,true,true,true,true,true,true,false
service_request,3,service_type_id,anon,false,false,false,false,false,false,false,false
service_request,3,service_type_id,authenticated,true,true,false,true,true,true,false,false
service_request,3,service_type_id,service_role,true,true,true,true,true,true,true,false
service_request,4,marketplace_party_id,anon,false,false,false,false,false,false,false,false
service_request,4,marketplace_party_id,authenticated,true,true,false,true,true,true,false,false
service_request,4,marketplace_party_id,service_role,true,true,true,true,true,true,true,false
service_request,5,address_id,anon,false,false,false,false,false,false,false,false
service_request,5,address_id,authenticated,true,true,false,true,true,true,false,false
service_request,5,address_id,service_role,true,true,true,true,true,true,true,false
service_request,6,related_order_id,anon,false,false,false,false,false,false,false,false
service_request,6,related_order_id,authenticated,true,true,false,true,true,true,false,false
service_request,6,related_order_id,service_role,true,true,true,true,true,true,true,false
service_request,7,scheduled_date,anon,false,false,false,false,false,false,false,true
service_request,7,scheduled_date,authenticated,true,true,false,true,true,true,true,true
service_request,7,scheduled_date,service_role,true,true,true,true,true,true,true,true
service_request,8,scheduled_time,anon,false,false,false,false,false,false,false,true
service_request,8,scheduled_time,authenticated,true,true,false,true,true,true,true,true
service_request,8,scheduled_time,service_role,true,true,true,true,true,true,true,true
service_request,9,details,anon,false,false,false,false,false,false,false,true
service_request,9,details,authenticated,true,true,false,true,true,true,true,true
service_request,9,details,service_role,true,true,true,true,true,true,true,true
service_request,10,price,anon,false,false,false,false,false,false,false,false
service_request,10,price,authenticated,true,true,false,true,true,true,false,false
service_request,10,price,service_role,true,true,true,true,true,true,true,false
service_request,11,lifecycle_state,anon,false,false,false,false,false,false,false,true
service_request,11,lifecycle_state,authenticated,true,true,false,true,true,true,true,true
service_request,11,lifecycle_state,service_role,true,true,true,true,true,true,true,true
service_request,12,accepted_at,anon,false,false,false,false,false,false,false,false
service_request,12,accepted_at,authenticated,true,true,false,true,true,true,false,false
service_request,12,accepted_at,service_role,true,true,true,true,true,true,true,false
service_request,13,completed_at,anon,false,false,false,false,false,false,false,true
service_request,13,completed_at,authenticated,true,true,false,true,true,true,true,true
service_request,13,completed_at,service_role,true,true,true,true,true,true,true,true
service_request,14,created_at,anon,false,false,false,false,false,false,false,false
service_request,14,created_at,authenticated,true,true,false,true,true,true,false,false
service_request,14,created_at,service_role,true,true,true,true,true,true,true,false