table_name,ordinal_position,column_name,formatted_type,type_name,type_modifier,is_not_null,default_expression,identity_kind,generated_kind
address,1,id,uuid,uuid,-1,true,gen_random_uuid(),,
address,2,customer_profile_id,uuid,uuid,-1,true,null,,
address,3,label,address_label,address_label,-1,false,null,,
address,4,recipient_name,text,text,-1,true,null,,
address,5,contact_phone,text,text,-1,true,null,,
address,6,address_line_1,text,text,-1,true,null,,
address,7,address_line_2,text,text,-1,false,null,,
address,8,city,text,text,-1,true,null,,
address,9,country,text,text,-1,true,null,,
address,10,latitude,"numeric(9,6)",numeric,589834,false,null,,
address,11,longitude,"numeric(9,6)",numeric,589834,false,null,,
address,12,is_default,boolean,boolean,-1,true,false,,
cart,1,id,uuid,uuid,-1,true,gen_random_uuid(),,
cart,2,customer_profile_id,uuid,uuid,-1,true,null,,
cart_line,1,id,uuid,uuid,-1,true,gen_random_uuid(),,
cart_line,2,cart_id,uuid,uuid,-1,true,null,,
cart_line,3,product_color_id,uuid,uuid,-1,true,null,,
cart_line,4,quantity,integer,integer,-1,true,null,,
custom_offering,1,id,uuid,uuid,-1,true,gen_random_uuid(),,
custom_offering,2,marketplace_party_id,uuid,uuid,-1,true,null,,
custom_offering,3,design_id,uuid,uuid,-1,true,null,,
custom_offering,4,published_price,"numeric(12,2)",numeric,786438,true,null,,
custom_offering,5,title,text,text,-1,true,null,,
custom_offering,6,description,text,text,-1,false,null,,
custom_offering,7,publication_state,custom_offering_state,custom_offering_state,-1,true,'unpublished'::custom_offering_state,,
custom_offering,8,published_at,timestamp with time zone,timestamp with time zone,-1,false,null,,
customer_profile,1,id,uuid,uuid,-1,true,gen_random_uuid(),,
customer_profile,2,user_id,uuid,uuid,-1,true,null,,
customer_profile,3,full_name,text,text,-1,true,null,,
customer_profile,4,phone,text,text,-1,false,null,,
customer_profile,5,profile_image_url,text,text,-1,false,null,,
customer_profile,6,preferred_language,text,text,-1,false,null,,
customer_profile,7,notification_preference,jsonb,jsonb,-1,false,null,,
design,1,id,uuid,uuid,-1,true,gen_random_uuid(),,
design,2,originating_user_id,uuid,uuid,-1,true,null,,
design,3,source_design_id,uuid,uuid,-1,false,null,,
design,4,source_design_version_id,uuid,uuid,-1,false,null,,
design,5,created_at,timestamp with time zone,timestamp with time zone,-1,true,now(),,
design_product_reference,1,design_id,uuid,uuid,-1,true,null,,
design_product_reference,2,product_id,uuid,uuid,-1,true,null,,
design_version,1,id,uuid,uuid,-1,true,gen_random_uuid(),,
design_version,2,design_id,uuid,uuid,-1,true,null,,
design_version,3,version_sequence,integer,integer,-1,true,null,,
design_version,4,generated_image_url,text,text,-1,true,null,,
design_version,5,requested_attributes,jsonb,jsonb,-1,true,null,,
design_version,6,requested_width_cm,"numeric(8,2)",numeric,524294,false,null,,
design_version,7,requested_height_cm,"numeric(8,2)",numeric,524294,false,null,,
design_version,8,requested_depth_cm,"numeric(8,2)",numeric,524294,false,null,,
design_version,9,modification_instruction,text,text,-1,false,null,,
design_version,10,generated_at,timestamp with time zone,timestamp with time zone,-1,true,now(),,
furnishing_request,1,id,uuid,uuid,-1,true,gen_random_uuid(),,
furnishing_request,2,customer_profile_id,uuid,uuid,-1,true,null,,
furnishing_request,3,address_id,uuid,uuid,-1,true,null,,
furnishing_request,4,title,text,text,-1,true,null,,
furnishing_request,5,requirements_description,text,text,-1,true,null,,
furnishing_request,6,reference_image_urls,text[],text[],-1,false,null,,
furnishing_request,7,budget_min,"numeric(12,2)",numeric,786438,false,null,,
furnishing_request,8,budget_max,"numeric(12,2)",numeric,786438,false,null,,
furnishing_request,9,requested_timing,text,text,-1,false,null,,
furnishing_request,10,offer_deadline,timestamp with time zone,timestamp with time zone,-1,false,null,,
furnishing_request,11,lifecycle_state,furnishing_request_state,furnishing_request_state,-1,true,'draft'::furnishing_request_state,,
furnishing_request,12,created_at,timestamp with time zone,timestamp with time zone,-1,true,now(),,
furnishing_request,13,coarse_location,text,text,-1,false,null,,
furnishing_request_design_version,1,furnishing_request_id,uuid,uuid,-1,true,null,,
furnishing_request_design_version,2,design_version_id,uuid,uuid,-1,true,null,,
marketplace_party,1,id,uuid,uuid,-1,true,gen_random_uuid(),,
marketplace_party,2,user_id,uuid,uuid,-1,true,null,,
marketplace_party,3,business_name,text,text,-1,true,null,,
marketplace_party,4,business_description,text,text,-1,false,null,,
marketplace_party,5,logo_url,text,text,-1,false,null,,
marketplace_party,6,coverage_area,text,text,-1,false,null,,
marketplace_party,7,approval_state,party_approval_state,party_approval_state,-1,true,'pending'::party_approval_state,,
marketplace_party,8,state_reason,text,text,-1,false,null,,
offer_line_item,1,id,uuid,uuid,-1,true,gen_random_uuid(),,
offer_line_item,2,offer_id,uuid,uuid,-1,true,null,,
offer_line_item,3,line_kind,line_kind,line_kind,-1,true,null,,
offer_line_item,4,product_id,uuid,uuid,-1,false,null,,
offer_line_item,5,item_name,text,text,-1,false,null,,
offer_line_item,6,specification,text,text,-1,false,null,,
offer_line_item,7,unit_price,"numeric(12,2)",numeric,786438,true,null,,
offer_line_item,8,quantity,integer,integer,-1,true,null,,
offer_line_item,9,line_total,"numeric(12,2)",numeric,786438,false,(unit_price * (quantity)::numeric),,s
offer_line_item,10,display_order,integer,integer,-1,true,0,,
order_line_item,1,id,uuid,uuid,-1,true,gen_random_uuid(),,
order_line_item,2,order_id,uuid,uuid,-1,true,null,,
order_line_item,3,line_kind,line_kind,line_kind,-1,true,null,,
order_line_item,4,product_id,uuid,uuid,-1,false,null,,
order_line_item,5,product_color_id,uuid,uuid,-1,false,null,,
order_line_item,6,item_name,text,text,-1,true,null,,
order_line_item,7,specification,text,text,-1,false,null,,
order_line_item,8,unit_price,"numeric(12,2)",numeric,786438,true,null,,
order_line_item,9,quantity,integer,integer,-1,true,null,,
order_line_item,10,line_total,"numeric(12,2)",numeric,786438,false,(unit_price * (quantity)::numeric),,s
party_capability,1,marketplace_party_id,uuid,uuid,-1,true,null,,
party_capability,2,service_type_id,uuid,uuid,-1,true,null,,
party_capability,3,declared_at,timestamp with time zone,timestamp with time zone,-1,false,null,,
purchase_order,1,id,uuid,uuid,-1,true,gen_random_uuid(),,
purchase_order,2,customer_profile_id,uuid,uuid,-1,true,null,,
purchase_order,3,marketplace_party_id,uuid,uuid,-1,true,null,,
purchase_order,4,address_id,uuid,uuid,-1,true,null,,
purchase_order,5,origin,order_origin,order_origin,-1,true,null,,
purchase_order,6,offer_id,uuid,uuid,-1,false,null,,
purchase_order,7,custom_offering_id,uuid,uuid,-1,false,null,,
purchase_order,8,service_request_id,uuid,uuid,-1,false,null,,
purchase_order,9,settlement_id,uuid,uuid,-1,false,null,,
purchase_order,10,lifecycle_state,order_state,order_state,-1,true,'pending'::order_state,,
purchase_order,11,order_discount_amount,"numeric(12,2)",numeric,786438,false,null,,
purchase_order,12,delivery_fee,"numeric(12,2)",numeric,786438,true,0,,
purchase_order,13,required_upfront_amount,"numeric(12,2)",numeric,786438,false,null,,
purchase_order,14,notes,text,text,-1,false,null,,
purchase_order,15,placed_at,timestamp with time zone,timestamp with time zone,-1,true,now(),,
purchase_order,16,cancelled_at,timestamp with time zone,timestamp with time zone,-1,false,null,,
purchase_order,17,ship_recipient_name,text,text,-1,false,null,,
purchase_order,18,ship_contact_phone,text,text,-1,false,null,,
purchase_order,19,ship_address_line_1,text,text,-1,false,null,,
purchase_order,20,ship_address_line_2,text,text,-1,false,null,,
purchase_order,21,ship_city,text,text,-1,false,null,,
purchase_order,22,ship_country,text,text,-1,false,null,,
purchase_order,23,ship_latitude,"numeric(9,6)",numeric,589834,false,null,,
purchase_order,24,ship_longitude,"numeric(9,6)",numeric,589834,false,null,,
review,1,id,uuid,uuid,-1,true,gen_random_uuid(),,
review,2,customer_profile_id,uuid,uuid,-1,true,null,,
review,3,target_kind,review_target_kind,review_target_kind,-1,true,null,,
review,4,target_product_id,uuid,uuid,-1,false,null,,
review,5,target_service_request_id,uuid,uuid,-1,false,null,,
review,6,target_marketplace_party_id,uuid,uuid,-1,false,null,,
review,7,rating,smallint,smallint,-1,true,null,,
review,8,comment,text,text,-1,false,null,,
review,9,created_at,timestamp with time zone,timestamp with time zone,-1,true,now(),,
saved_space,1,id,uuid,uuid,-1,true,gen_random_uuid(),,
saved_space,2,customer_profile_id,uuid,uuid,-1,true,null,,
saved_space,3,space_name,text,text,-1,true,null,,
saved_space,4,width_cm,"numeric(8,2)",numeric,524294,true,null,,
saved_space,5,depth_cm,"numeric(8,2)",numeric,524294,true,null,,
saved_space,6,measurement_source,measurement_source,measurement_source,-1,false,null,,
service_request,1,id,uuid,uuid,-1,true,gen_random_uuid(),,
service_request,2,customer_profile_id,uuid,uuid,-1,true,null,,
service_request,3,service_type_id,uuid,uuid,-1,true,null,,
service_request,4,marketplace_party_id,uuid,uuid,-1,false,null,,
service_request,5,address_id,uuid,uuid,-1,true,null,,
service_request,6,related_order_id,uuid,uuid,-1,false,null,,
service_request,7,scheduled_date,date,date,-1,false,null,,
service_request,8,scheduled_time,text,text,-1,false,null,,
service_request,9,details,text,text,-1,false,null,,
service_request,10,price,"numeric(12,2)",numeric,786438,false,null,,
service_request,11,lifecycle_state,service_request_state,service_request_state,-1,true,'pending'::service_request_state,,
service_request,12,accepted_at,timestamp with time zone,timestamp with time zone,-1,false,null,,
service_request,13,completed_at,timestamp with time zone,timestamp with time zone,-1,false,null,,
service_request,14,created_at,timestamp with time zone,timestamp with time zone,-1,true,now(),,